{
    "task":"swingup",
    "alg_nReps": 2,
    "alg_speciate": "neat",
    "alg_probMoo": 0.0,
    "alg_act": 5,
    "maxGen": 1000,
    "popSize": 32,
    "prob_addConn": 0.05,
    "prob_addNode": 0.03,
    "prob_crossover": 0.8,
    "prob_enable": 0.01,
    "prob_mutAct": 0.0,
    "prob_mutConn": 0.8,
    "prob_initEnable": 1.0,
    "select_cullRatio": 0.1,
    "select_eliteRatio": 0.1,
    "select_rankWeight": "exp",
    "select_tournSize": 2,
    "spec_compatMod": 0.25,
    "spec_dropOffAge": 64,
    "spec_target": 4,
    "spec_thresh": 2.0,
    "spec_threshMin": 2.0,
    "spec_geneCoef": 1,
    "spec_weightCoef": 0.5,
    "save_mod": 8,
    "bestReps": 20

}
